,position,company,location
0,Data Scientist,Gene Therapy Startup,"Pasadena, California"
1,Data Analyst,NBS - Local Government Consultants,"Temecula, California"
2,"Data Analyst with Fortune 10 - Remote Option, Flexible Hours",Modis,"Ontario, California, United States"
3,Data Analyst,TikTok,"Los Angeles, California, United States"
4,Data Analyst,Live Nation Entertainment,"Los Angeles, California, United States"
5,Data Analyst,WebMD,"El Segundo, California, United States"
6,Data Analyst,ALC,"Irvine, CA, US"
7,Data Analyst- Top Hedge Fund,Glocomms,Los Angeles Metropolitan Area
8,Data Analyst - Fixed Income Asset Manager,Analytic Recruiting Inc.,"Los Angeles, California, United States"
9,Data Analyst,Swinerton,"Santa Ana, CA, US"
10,"Data Analyst (SAS, statistics, SQL, Healthcare)","Kinetic Personnel Group, Inc","Ontario, California"
11,Data Analyst,PeerStreet,"El Segundo, CA, US"
12,Data Analyst and Reporting -Culver City,ATMECS Inc,"Culver City, CA, US"
13,Global Data Analyst,Dermalogica,"Carson, California"
14,Sr Business Data Analyst,Harbor Freight Tools,"Calabasas, California"
15,Business Data Analyst,Össur,"92610, Foothill Ranch, California, United States"
16,Data Analyst,"Veritone, Inc.","Costa Mesa, CA, US"
17,Sr. Customer Data Analyst (Python),Farmers Insurance,"Woodland Hills, CA, US"
18,Data Analyst III,Pacific Premier Bank,"Irvine, CA, US"
19,Business Data Analyst,Snap Inc.,"Los Angeles, CA, US"
20,Data Analyst,NCSOFT,"Aliso Viejo, California, United States"
21,Data Analyst,Ultimate Staffing,"Newport Beach, CA, US"
22,Excel Data Analyst,Southern California Edison (SCE),"Pomona, CA, US"
23,Data Analyst,Honey,"Los Angeles, CA, US"
24,Data Analyst,Cenergy International Services,"Fullerton, CA, US"
25,Data Analyst,Cenergy,"Fullerton, CA, US"
26,Associate Data Scientist,Disney Television Animation,"Glendale, CA, US"
27,Data Analyst - Engineering Success,Twitch,"Irvine, CA, US"
28,"Data Analyst, Content",The Athletic,"Los Angeles, CA, US"
29,Data Analyst / Growth Hacker,SureSale,"Santa Monica, CA, US"
30,Data Analyst,Vaco,"Irvine, CA, US"
31,Senior Data Analyst,Harnham,"Los Angeles, California, United States"
32,"Data Analyst, Senior - Informatica",City of Hope,"Irwindale, CA, US"
33,Data Analyst,TrueData,"Los Angeles, CA, US"
34,Business Intelligence Data Analyst,Dun & Bradstreet,"Malibu, CA, US"
35,Data Analyst,Nexon OC,"Irvine, CA, US"
36,"Senior Data Analyst, Data Insights",Hulu,"Santa Monica, CA, US"
37,Data Analyst,"C&L Group, LLC","Culver City, CA, US"
38,Junior Data Analyst,Nativo Inc,"Los Angeles, CA, US"
39,DATA ANALYST,Naval Air Systems Command (NAVAIR),"Twentynine Palms, CA, US"
40,Data Analyst,Staffigo,"Los Angeles, CA, US"
41,Data Analyst,East West Bank,"Pasadena, CA, US"
42,Data Scientist,Evolvinc,"Burbank, CA, US"
43,Sr. Data Analyst,Universal Music Group,"Woodland Hills, CA, US"
44,"Content Data Scientist, Apple Media Products Data Science",Apple,"Culver City, CA, US"
45,Data Analyst,The Judge Group,"Irvine, CA, US"
46,Data Analyst,Jam City,"Culver City, California, US"
47,Data Analyst(LIBOR),HIGH BRIDGE & CO.,"Santa Monica, CA, US"
48,Statistical Data Analyst,Clinique,"El Segundo, CA, US"
49,Data Analyst,City National Bank,"Los Angeles, CA, US"
50,Data Analyst,Expertise,"Los Angeles, CA, US"
51,Data Analyst Lead,Cognizant,"Thousand Oaks, CA, US"
52,Marketing Data Analyst,"Scale Media, Inc.","Sherman Oaks, CA, US"
53,Data Analyst,Career Movement,"West Hollywood, CA, US"
54,Conversion Rate Optimization & Data Analyst,Conversion,"Huntington Beach, CA, US"
55,Reporting Data Analyst,Apollo Global Management Inc.,"El Segundo, CA, US"
56,Data Analyst,"Veterans Sourcing Group, LLC","Culver City, CA, US"
57,Compliance Data Analyst,Ingram Micro,"Irvine, CA, US"
58,Data Analyst,Kforce Inc,"Pasadena, CA, US"
59,Data Scientist,BlackLine,"Los Angeles, California, United States"
60,Senior Data Analyst,PlayQ,"Santa Monica, California"
61,Manufacturing Data Analyst II,Niagara Bottling,"Diamond Bar, CA, US"
62,Senior Data Analyst,sweetgreen,"Culver City, California, US"
63,Conversion Rate Optimization & Data Analyst -Los Angeles,Conversion Labs,"Los Angeles, CA, US"
64,"Data Analyst, ISD Business Applications",CHOC Children's,"Orange, CA, US"
65,Data Scientist,"New Reach, Inc.","Santa Monica, CA, US"
66,"Data Analyst, Sr. (Pay for Value)",CalOptima,"Orange, CA, US"
67,Data Scientist,"ConsumerTrack, Inc.","El Segundo, CA, US"
68,Data Scientist,Inspire,"Santa Monica, CA, US"
69,Data Scientist,"Phoenix Staff, Inc.","Irvine, California, United States"
70,Data Analyst,"KellyMitchell Group, Inc","Irvine, CA, US"
71,Data Analyst - Int,Apex Systems,"Rancho Cucamonga, CA, US"
72,Senior Data Analyst,PlayVS,"Santa Monica, CA, US"
73,Sr. Data Analyst,Skybound Entertainment,"Los Angeles, CA, US"
74,Data Scientist,Esri,"Redlands, CA, US"
75,Sr. Product Data Analyst,Mercury Insurance,"Brea, California, United States"
76,Financial Systems/Data Analyst,Beckman Coulter Diagnostics,"Brea, CA, US"
77,Data Analyst (Core Banking),Powermind Solutions Inc,"Gardena, CA, US"
78,Salesforce SQL Data Analyst,Futran Solutions,"Anaheim, CA, US"
79,Data Scientist,Strategic Employment Partners (SEP),"Irvine, CA, US"
80,Data Scientist - HBO Max,WarnerMedia,"Burbank, CA, US"
81,Data Scientist,Beyond the Limits,"Glendale, CA, US"
82,Data Analyst (Python),"Stand Up 8 Fitness, LLC","Universal City, CA, US"
83,Healthcare Data Analyst,Evolent Health,"Brea, CA, US"
84,Data Scientist,Ampcus Inc,"Thousand Oaks, CA, US"
85,Sr. Digital Data Analyst,INNOCEAN USA,"Huntington Beach, CA, US"
86,Encounter Data Analyst,Lakeside Medical Group,"Northridge, CA, US"
87,Data Scientist II,Amazon,"Culver City, CA, US"
88,Data Scientist,Flowspace,"Marina del Rey, CA, US"
89,Data Analyst,Healthcare Staffing Professionals Inc.,"Los Angeles, CA, US"
90,Associate Data Analyst - IT Audit,GoDiRECT,"Orange, CA, US"
91,Data Scientist - Nationwide Opportunities,Amazon Web Services (AWS),"Santa Monica, CA, US"
92,Radar Telemetry Data Analyst,L3Harris Technologies,"Anaheim, CA, US"
93,Lead Data Scientist,"Cercacor Laboratories, Inc.","Irvine, California"
94,Data Analyst,Expertise,"Los Angeles, CA, US"
95,Data Analyst,"Center for Autism and Related Disorders, LLC. (CARD)","Woodland Hills, CA, US"
96,Automotive Data Analyst,MotorTrend Group,"El Segundo, CA, US"
97,Media Data Analyst,Hylink Digital Solutions,"Los Angeles, CA, US"
98,Remote Sensing Data Scientist,Nirvana Enterprises LLC,"Industry, CA, US"
99,Data Scientist,Ultimate international Limited,"Irvine, CA, US"
100,Data Analyst II - Operations,San Manuel Casino,"Highland, CA, US"
101,Marketing Data Analyst,VelvetJobs,"Santa Ana, CA, US"
102,Supply Chain Data Scientist,Focus GTS,"Thousand Oaks, California, United States"
103,Senior Data Analyst / Manager,Atrium,"Los Angeles, CA, US"
104,Data Analyst II (Healthcare Analytics),Centene Corporation,"Woodland Hills, CA, US"
105,Data Scientist,EDO,"Los Angeles, CA, US"
106,Senior Data Analyst,First American Title,"Santa Ana, CA, US"
107,Sr. Data Analyst/Data Warehouse Consultant,"IMPEX Technologies, Inc.","El Segundo, CA, US"
108,"Google Analytics Data Scientist, eCommerce",EVERSANA,"Los Angeles, California, United States"
109,Data Scientist,ASICSoft,"Los Angeles, CA, US"
110,Senior Data Analyst,Cypress HCM,"Irvine, CA, US"
111,Data Scientist,Takeda,"Los Angeles, CA, US"
112,Data Scientist,Enterprise Solutions Inc.,"Los Angeles, CA, US"
113,Senior Data Analyst,My Lucky Day,"Los Angeles, CA, US"
114,System and Data Analyst,Pacific Clinics,"Arcadia, CA, US"
115,Senior Technical Data Analyst,Intuit,"Woodland Hills, CA, US"
116,Product Data Analyst,Stamps.com,"El Segundo, CA, US"
117,Lead Senior Data Scientist,The Trade Desk,"Irvine, CA, US"
118,Sales Data Analyst,Malakye.com,"Santa Monica, CA, US"
119,Data Scientist,Ipsos in North America,"Culver City, CA, US"
120,CRA Data Analyst,Citizens Business Bank,"Ontario, California, United States"
121,Public Policy Data Analyst (Community Safety),San Bernardino County HR,"San Bernardino, CA, US"
122,Data Analyst (Core Banking) -Gardena,PowerMind Solutions LTD,"Gardena, CA, US"
123,Senior Data Scientist,Fox Corporation,"Los Angeles, California, United States"
124,Data Scientist,Blue Icy Water,"Torrance, CA, US"
125,Data Scientist,MWIDM Inc.,"Costa Mesa, CA, US"
126,"Solutions Architect, Data Scientist",Onica,"Irvine, CA, US"
127,Senior Analytics Engineer (Animation) - Studio Data Science and Engineering,Netflix,"Los Angeles, CA, US"
128,Healthcare Data Analyst I,IEHP,"Rancho Cucamonga, CA, US"
129,JD Edwards Data Analyst,KORE1,"Glendale, CA, US"
130,Health Information Data Analyst,Clinicas Del Camino Real Inc,"Camarillo, CA, US"
131,Senior Data Scientist,Pacific Life,"Newport Beach, CA, US"
132,Sr Data Analyst,OpenX,"Pasadena, CA, US"
133,Lead Data Scientist,CrowdStrike,"El Segundo, CA, US"
134,"Data Scientist, Analytics - AR/VR Media",Facebook,"Los Angeles, CA, US"
135,Data Architect,Loma Linda University,"San Bernardino, CA, US"
136,Senior Data Scientist,STRIVR,"Los Angeles, CA, US"
137,Data Scientist Media Focus,Hearts & Science,"Los Angeles, California, United States"
138,Senior Data Scientist,Fox Tech,"Los Angeles, CA, US"
139,Data Scientist,R&D Partners,"Orange, CA, US"
140,Data Scientist,ConsultNet,"Irvine, CA, US"
141,Data Science Analyst w/ TS,Axiologic Solutions LLC,"Carson, CA, US"
142,Data Scientist,D Cube Analytics,"Los Angeles, CA, US"
143,Sr. Data Analyst,Dollar Shave Club,"Marina del Rey, CA, US"
144,Data Scientist,"Nexstar Media Group, Inc.","Los Angeles, CA, US"
145,Business Analyst,Joybird,"Commerce, CA, US"
146,Data Scientist/Visualization Master,InterMedia Advertising,"Los Angeles, CA, US"
147,Remote Big Data/Security Analyst - 20-01404,Infinity Consulting Solutions,"Burbank, CA, US"
148,Data Engineer | Big Data,OnPoint Search Consultants,"Los Angeles, California, United States"
149,Big Data QA Engineer,CoreLogic,"Irvine, California, United States"
150,Risk Adjustment Data Analyst,"Dynamic Healthcare Systems, Inc.","Santa Ana, CA, US"
151,Senior Research Data Scientist,NASA Jet Propulsion Laboratory,"Pasadena, California, US"
152,Interim Data Analyst (Project),Century Group,"Los Angeles, CA, US"
153,"Scientist 2, Data Analytics",Areté,"Northridge, CA, US"
154,Associate Data Scientist (Sales Engineering),Factual Inc,Greater Los Angeles Area
155,Data Analyst / Video Streaming,Jobspring Partners,"Santa Monica, CA, US"
156,Data Engineer,ringDNA,"Sherman Oaks, CA, US"
157,EAM Data Analyst,Microdesk,"Los Angeles, CA, US"
158,Support Services Data Analyst,Aveanna Healthcare,"Seal Beach, CA, US"
159,Operations Data Analyst,Thrive Market,"Los Angeles, CA, US"
160,Computational Linguist,Google,"Los Angeles, CA, US"
161,Physics Data Scientist,"TAE Technologies, Inc","Foothill Ranch, CA, US"
162,"Chief Data/BI Scientist - SQL, Python/R, Spark/Hadoop",CyberCoders,"Santa Monica, CA, US"
163,Sr. Data Analyst/Software Developer,Anser Advisory,"Pomona, CA, US"
164,Data Scientist - HCI,SCAN Health Plan,"Long Beach, CA, US"
165,"Sr. Data Architect, Data Lake and Advanced Analytics",Edwards Lifesciences,"Irvine, CA, US"
166,Senior Data Scientist,Mothership,"Culver City, California, US"
167,Support Services Data Analyst,Pediatria Healthcare for Kids,"Seal Beach, CA, US"
168,Master Data Analyst,Advanced Sterilization Products (ASP),"Irvine, CA, US"
169,Sr. Data Scientist,NEXT Trucking,"El Segundo, California, United States"
170,Data Engineer/ Apache Spark/ Spark/ Big Data/ Python/SQL,Bitwise Inc,"Santa Monica, CA, US"
171,Data Scientist - HCI,HealthPlan Services,"Long Beach, CA, US"
172,Big Data Engineer,Experian,"Costa Mesa, CA, US"
173,Senior Data Analyst with Healthcare Applications,Motion Recruitment,"Irvine, CA, US"
174,Big Data Engineer/Architect,KloudOne,Los Angeles Metropolitan Area
175,Big Data developer,Perficient,"Los Angeles, CA, US"
176,"Principal Data Scientist - Telco, Media & Entertainment",Databricks,"Los Angeles, CA, US"
177,Data Scientist- 27074,"Unicon, Inc.","Torrance, CA, US"
178,Senior Technical Data Analyst,Jobs Interviewing Now from HCS,"Woodland Hills, CA, US"
179,Lead Data Scientist,CitiusTech,"Lake Forest, CA, US"
180,Associate Manager Data Science & Analytics,"Mattel, Inc.","El Segundo, CA, US"
181,"Manager, Data Science - Santa Ana, CA or Eden Prairie, MN",UnitedHealth Group,"Eden, CA, US"
182,"Director, Data Science",AXS,"Los Angeles, CA, US"
183,Actuarial Data Scientist,Rivian,"Irvine, CA, US"
184,Senior Technical Data Analyst,Jobs Interviewing Now from MJH,"Woodland Hills, CA, US"
185,ERP Administrator & Data Analyst,"Motorsport Aftermarket Group, Inc. (MAG)","La Palma, CA, US"
186,Senior Data Scientist - Mobile Games,Activision Blizzard,"Santa Monica, CA, US"
187,Tech Consulting Senior - Big Data Engineer,EY,"Los Angeles, CA, US"
188,"Programmer Analyst /Data Science (SQL, Tableau, Modeling)","Platinum Enterprise Solutions, Inc.","Los Angeles, CA, US"
189,Big Data Engineer,SynapOne,"Thousand Oaks, CA, US"
190,Data Scientist -Ventura County,iLink Systems,"Ventura, CA, US"
191,--Scientist--,Infotree Service,"Thousand Oaks, CA, US"
192,"UM - Associate Director, Data Science",UM Worldwide,"Los Angeles, CA, US"
193,Molecular Genetics Technical Director,Kaiser Permanente,"Los Angeles, CA, US"
194,"Scientist II, Manufacturing Sciences",Thermo Fisher Scientific,"West Hills, CA, US"
195,ETL Developer – Big Data Transformations & Delicious Catered Lunches,Camden Kelly Corporation,"Alhambra, CA, US"
196,"Sr. Associate, Big Data Software Engineer",KPMG US,"Irvine, CA, US"
197,Lead Data Scientist,Farmers Insurance,"Woodland Hills, CA, US"
198,"Senior Business Technology Analyst - Big Data (Los Angeles area, CA)",ZS,"Los Angeles, CA, US"
199,"Programmer Analyst, Data Science",Houlihan Lokey,"Los Angeles, CA, US"
200,Head of Data,FanAI Inc.,"Santa Monica, California, United States"
201,Data Science Fellow,Insight Data Science,Los Angeles Metropolitan Area
202,Data Analyst,Live Nation Entertainment,"West Hollywood, California, United States"
203,Big data developer,"Acadia Technologies, Inc.","Los Angeles, CA, US"
204,"Sr. Manager, Supply Chain Business Intelligence and Data Science",Niagara Water,"Diamond Bar, CA, US"
205,Senior Big Data Developer,AAA,"Costa Mesa, CA, US"
206,Senior Data Analyst - User Growth,TikTok,"Los Angeles, California, United States"
207,Scientist- Cell Biologist,MP Biomedicals,"Irvine, California, United States"
208,Senior Manager - Data Science,20th Century Fox Digital via Walton Issacson Agency,"Burbank, CA, US"
209,Research Scientist,Caltech,"Pasadena, CA, US"
210,Big data Architect- Apply now!,Advent Global Solutions,"Irvine, CA, US"
211,Data Scientist II,Amazon,"Culver City, CA, US"
212,Sr Data Analyst,"Veritone, Inc.","Costa Mesa, CA, US"
213,Lead Data Analyst,Cognizant,"Los Angeles, CA, US"
214,Senior Data Engineer,ReSci (Retention Science),"Santa Monica, CA, US"
215,Data Scientist Intern - Global Fashion Brands,TechStyle Fashion Group,"El Segundo, CA, US"
216,Data Analyst and Reporting,ATMECS Inc,"Culver City, CA, US"
217,"Data Scientist -Long-Term Contract; Torrance, CA -Torrance",The Kelly Group,"Torrance, CA, US"
218,Data Analyst,Swinerton,"Los Angeles, CA, US"
219,Consultant-Data Mining/Whse,Oracle Middleware Test Company,"Agoura Hills, CA, US"
220,Bioinformatics Specialist,University of Southern California,"Los Angeles, California, United States"
221,Accountant / Data Analyst,Creative Financial Staffing (CFS),"North Hollywood, CA, US"
222,Data Analyst,Cenergy,"Irwindale, CA, US"
223,Data Analyst - SAP Project - Summer Intern,"Maplehurst Bakeries, LLC","Ontario, CA, US"
224,Data Analyst,Robert Half,"Irvine, CA, US"
225,Business/Data Analyst Senior (FSD),Parker Aerospace,"Irvine, CA, US"
226,Business/Data Analyst,The Judge Group,"Ontario, CA, US"
227,Principal Data Scientist,Hays,"Burbank, California, United States"
228,Digital Innovation Engineer - Simply Biotech,TalentZök,"Long Beach, CA, US"
229,Data Analyst -Irvine,"Scadea Solutions, Inc.","Irvine, CA, US"
230,Credit Data Analyst,818,"Glendale, CA, US"
231,Data Scientist,Harnham,Los Angeles Metropolitan Area
232,Data Science Tutor,FLEX College Prep,"Irvine, CA, US"
233,Data Analyst II,Ultimate Staffing,"Santa Monica, CA, US"
234,Principal Data Science & Signals Engineer,Medtronic,"Northridge, CA, US"
235,Senior Data Scientist,Planet Pharma,"Irvine, California, United States"
236,"Sr. Data Scientist, Predictive Analysis - HBO Max",WarnerMedia,"Burbank, CA, US"
237,Senior Data Scientist,Verizon,"Irvine, CA, US"
238,CTO - Data Science Focus,NerdHire,"Irvine, CA, US"
239,Enterprise Data Analyst,City National Bank,"Los Angeles, CA, US"
240,Senior Data Analyst,MobilityWare,"Irvine, CA, US"
241,Data Analyst (Python) -Los Angeles,"Stand Up 8 Fitness, LLC","Los Angeles, CA, US"
242,"Data Analyst, Sr (PDMS)",CalOptima,"Orange, CA, US"
243,Data Scientist,ASICSoft,"Los Angeles, CA, US"
244,Data Science & Analytics Manager,DISQO,"Glendale, CA, US"
245,"Data Scientist, Mid",Booz Allen Hamilton,"Oxnard, CA, US"
246,Data Analyst,The Job Network,"Glendale, CA, US"
247,Software Architect,Jobot,"Los Angeles, CA, US"
248,Senior Data Analyst,My Lucky Day,"Beverly Hills, CA, US"
249,"Scientific Programs Manager, Data Science",Susan G. Komen,"Los Angeles, CA, US"
250,"Lead Python Engineer (Back End) New Big Data, BI, Analytics, Workforce Management Software Development Company",The Jiu Jitsu Foundation,"Huntington Beach, CA, US"
251,Data Scientist - (ICD9 and ICD 10 coding),City of Hope,"Irwindale, CA, US"
252,Senior Data Scientist,Focus GTS,Los Angeles Metropolitan Area
253,Data Scientist - Nationwide Opportunities,Amazon Web Services (AWS),"Santa Monica, CA, US"
254,Data Analyst III (Healthcare Analytics),Centene Corporation,"Woodland Hills, CA, US"
255,Sr. Data Analyst,JBCconnect | Creative Technology Talent,"Los Angeles, CA, US"
256,Media Data Analyst,Hylink Digital Solutions,"Los Angeles, CA, US"
257,Digital Innovation Engineer - Simply Biotech,Simply Biotech,"Long Beach, CA, US"
258,Business Intelligence Data Analyst -Remote,Kforce Inc,"Westlake Village, CA, US"
259,Specialist IS Analyst – Data Scientist (JP6855),"3 Key Consulting, Inc.","Thousand Oaks, CA, US"
260,Data Scientist,Cypress HCM,"Costa Mesa, CA, US"
261,Data Scientist -Torrance,Blue Icy Water,"Torrance, CA, US"
262,HR Data Analyst Intern,"Blackstone Consulting, Inc.","Los Angeles, CA, US"
263,"Salesforce SQL Data Analyst for Anaheim, LA California for Contract role.",TekisHub Consulting Services LLC,"Los Angeles, CA, US"
264,Marketing Data Analyst,San Manuel Casino,"Highland, CA, US"
265,Lead Senior Data Scientist,The Trade Desk,"Ventura, CA, US"
266,Scala Big Data Engineer,Jobspring Partners,"Los Angeles, CA, US"
267,Senior Data Scientist,Factual Inc,"Los Angeles, California, United States"
268,Data Scientist- 27074,Unicon A/S,"Torrance, CA, US"
269,Entry Level Data Scientist,R&D Partners,"Orange, CA, US"
270,Research Postdoctoral Scientist - Dr. Cheng - Heart Institute,Cedars-Sinai,"Los Angeles, CA, US"
271,Part Time Data Science Instructor,General Assembly,"Los Angeles, CA, US"
272,EAM Data Analyst,Microdesk,"Irvine, CA, US"
273,Data Scientist,D Cube Analytics,"Los Angeles, CA, US"
274,Senior Data Scientist,Southern California Edison (SCE),"Pomona, CA, US"
275,Sr. Data Analyst (Pharmacy),Molina Healthcare,"Long Beach, CA, US"
276,Remote Big Data/Security Engineer - 20-01757,Infinity Consulting Solutions,"Burbank, CA, US"
277,Senior Data Scientist,"MCR, LLC","El Segundo, CA, US"
278,Human Resources Data Analyst,"Blackstone Consulting, Inc","Los Angeles, California, United States"
279,Senior Data Analyst-Software Developer,Anser Advisory,"Santa Ana, CA, US"
280,"Director, AI & ML Data Science",Warner Bros. Entertainment,"Burbank, CA, US"
281,Sr. Data Scientist - MI3,CHOC Children's,"Orange, CA, US"
282,Senior Data Scientist,Internet Brands,"Los Angeles, CA, US"
283,Senior Data Scientist,Gallup,"Irvine, CA, US"
284,"Master Data Analyst: SAP S/4 + Material Master, Customer Master, or Vendor Master + support/audit required; Winshuttle a +",KORE1,"Huntington Beach, California, United States"
285,Source Reconstruction Scientist (Data Scientist),Kernel,"Culver City, California, US"
286,Product Manager - Spatial Analytics & Data Science,Esri,"Redlands, CA, US"
287,Senior Data Scientist,Agoda,"Los Angeles, CA, US"
288,Sr. Software Engineer (Big Data),Viant Technology,"Los Angeles, CA, US"
289,Big Data Developer,GoDiRECT,"Orange, CA, US"
290,"Data Science Analyst, Senior/Data Science Analyst, Principal (GIS Analyst)",Orange County Transportation Authority,"Orange, CA, US"
291,Data Scientist -Thousand oaks,Agilisium Consulting,"Thousand Oaks, CA, US"
292,Bioinformatics Software Engineer,Retail Options,"Huntington Beach, CA, US"
293,"Data Scientist - Real Pay, Real Equity play!",CyberCoders,"Santa Monica, CA, US"
294,Assistant Geologist,Terracon,"Tustin, CA, US"
295,Tech Consulting Senior - Cloud Big Data Engineer,EY,"Los Angeles, CA, US"
296,Associate Scientist - Bioanalytical and Clinical Research Flow Cytometry,CSL,"Pasadena, CA, US"
297,Senior Lecturer - Data Science,UNSW,"Los Angeles, CA, US"
298,Behavioral Data Science Manager,mPulse Mobile,"Anza, CA, US"
299,"Associate Scientist, Cell Culture",Kite Pharma,"Santa Monica, CA, US"
300,Bioinformatics Software Engineer,Food Management Search,"Huntington Beach, CA, US"
301,Bioinformatics Software Engineer,Gables Search Group,"Huntington Beach, CA, US"
302,Big Data developer,Perficient,"Irvine, CA, US"
303,"Developer Advocate, Data Science (Remote)",Databricks,"Los Angeles, CA, US"
304,"Sr. Associate, Big Data Software Engineer",KPMG US,"Los Angeles, CA, US"
305,"Programmer Analyst /Data Science (SQL, Tableau, Modeling) -Los Angeles","Platinum Enterprise Solutions, Inc.","Los Angeles, CA, US"
306,Bioinformatics Software Engineer,Gallin Associates,"Huntington Beach, CA, US"
307,Big Data Developers / Lead,Nirvana Enterprises LLC,"El Segundo, CA, US"
308,"Scientist II, Manufacturing Sciences",Thermo Fisher Scientific,"West Hills, CA, US"
309,Telco-Media Data Science Senior Manager,Deloitte,"Los Angeles, CA, US"
310,Digitial Fleet Advisor,Caterpillar Inc.,"Los Angeles, CA, US"
311,"Senior Analyst, Media Development",Ipsos in North America,"Culver City, CA, US"
312,Scientist I,Advanced Sterilization Products (ASP),"Irvine, CA, US"
313,Research Scientist – Cell Biology,Applied Resources Pty Ltd,"Rancho Santa Margarita, CA, US"
314,"Data Scientist -Long-Term Contract; Torrance, CA -Torrance",The Kelly Group,"Torrance, CA, US"
315,Senior Data Analyst-U.S Safety,TikTok,"Los Angeles, California, United States"
316,Senior Data Engineer (ML),ReSci (Retention Science),"Santa Monica, CA, US"
317,Data Analyst,Cenergy,"Fullerton, CA, US"
318,Data Scientist II,Amazon,"Culver City, CA, US"
319,Big Data Engineer,Cognizant,"Woodland Hills, CA, US"
320,Senior Data Scientist,Collabera Inc.,"Los Angeles, CA, US"
321,Data Analyst,Robert Half,"Beverly Hills, CA, US"
322,Bioinformatics Software Engineer,"Mangrum Career Solutions, LLC","Huntington Beach, CA, US"
323,Data Analyst,Staffigo,"Pasadena, CA, US"
324,Software Engineer,Job Juncture,"Huntington Beach, CA, US"
325,Senior Data Quality Engineer,Chipotle Mexican Grill,"Newport Beach, CA, US"
326,Associate Director/Director Translational Biology,Xencor,"Monrovia, CA, US"
327,Senior Data Analyst (Urgent!) $60/hour,Harnham,"Los Angeles County, California, United States"
328,Data Scientist,Ultimate Staffing,"Irvine, CA, US"
329,Data Analyst -Orange County,"Scadea Solutions, Inc.","Orange, CA, US"
330,Data Science Consultant - Burbank,Capgemini,"Burbank, CA, US"
331,Commercial Data Scientist,Amgen,"Thousand Oaks, CA, US"
332,Data Analyst/Programmer,Apollo Global Management Inc.,"Woodland Hills, CA, US"
333,SUPERVISORY ENGINEER/SCIENTIST,Naval Air Systems Command (NAVAIR),"Corona, CA, US"
334,Data Analyst Level II -Torrance,"iSpace, Inc.","Torrance, CA, US"
335,Big Data Engineer,Internet Brands,"Los Angeles, California, United States"
336,Remote Big Data/Security Engineer - 20-01734,Infinity Consulting Solutions,"Burbank, CA, US"
337,"Senior Decision Scientist, Advanced Analytics",Hulu,"Santa Monica, CA, US"
338,Data Analyst/Program Coordinator,AHMC HealthCare,"Los Angeles, CA, US"
339,Data Scientist,BlackLine,"Woodland Hills, CA, US"
340,Data Analyst/Programmer,The Judge Group,"Long Beach, CA, US"
341,Data Analyst,The Job Network,"Glendale, CA, US"
342,"Customer Experience Specialist, Senior",HealthPlan Services,"Long Beach, CA, US"
343,"Data Scientist - Santa Ana, CA",Lorven Technologies Inc,"Santa Ana, CA, US"
344,Developer II - Data Science,IEHP,"Rancho Cucamonga, CA, US"
345,Data Science -Project Leader,The Aerospace Corporation,"El Segundo, CA, US"
346,Associate Research,Spectraforce Technologies,"Thousand Oaks, CA, US"
347,Senior Data Scientist,INNOCEAN USA,"Irvine, California, United States"
348,Senior iOS Engineer,Tinder,"Los Angeles, California"
349,"Project Scientist - Critical Care Neurology Laboratory - Dr. Shouri Lahiri, PI",Cedars-Sinai,"Los Angeles, CA, US"
350,Sr. Marketing Data Analyst,JBCStyle Fashion Recruiters,"Los Angeles, CA, US"
351,Senior Data Scientist - Nationwide Opportunities,Amazon Web Services (AWS),"Santa Monica, CA, US"
352,Product Engineer - Spatial Data Science and Statistical Analysis,Esri,"Redlands, CA, US"
353,Senior Data Science / Machine Learning Engineer,20th Century Fox Digital via Walton Issacson Agency,"Burbank, CA, US"
354,Entry Level Data Scientist,R&D Partners,"Orange, CA, US"
355,Senior Data Scientist,Cylance Inc.,"Irvine, CA, US"
356,Assoc Clinical Data Analyst #: 20-03491,"TalentBurst, an Inc 5000 company","Irvine, CA, US"
357,Lab Technician II,HELPMATES,"Buena Park, CA, US"
358,Specimen Processor - Nights (On Call / PRN) - Santa Fe Springs,East Side Clinical Laboratory,"Santa Fe Springs, CA, US"
359,"Sr Data Analyst, Financial Planning & Analytics",San Manuel Casino,"Highland, CA, US"
360,Senior Data Scientist,Wiley Job Network,"Thousand Oaks, CA, US"
361,"Director, Mammalian Genomic Engineering Resource Center",Caltech,"Pasadena, CA, US"
362,EDM BIG DATA ADMINISTRATOR,Genuent,"Los Angeles, CA, US"
363,Associate Clinical Data Analyst,Cypress HCM,"Irvine, CA, US"
364,Next Gen Lab Technologist,Fulgent Genetics,"Temple City, CA, US"
365,Data Science Director (Bangkok based),Agoda,"Los Angeles, CA, US"
366,"Sr. Software Engineer (Big Data Tools, Back-End)",Viant Technology,"Los Angeles, CA, US"
367,Big Data Architect,CyberCoders,"San Bernardino, CA, US"
368,Senior Clinical Data Analyst - Quality Management,St. Joseph Health,"Orange, CA, US"
369,Tech Consulting Manager - Big Data Engineer,EY,"Los Angeles, CA, US"
370,Behavioral Data Science Manager,mPulse Mobile,"Encino, CA, US"
371,"Master Data Analyst: SAP S/4 + Material Master, Customer Master, or Vendor Master + support/audit + Winshuttle required",KORE1,"Huntington Beach, CA, US"
372,Data Analyst,Cenergy,"Fullerton, CA, US"
373,Supervisor-Lab Cytogenetics,Columbia University in the City of New York,"Loma Linda, CA, US"
374,Data Analyst,Robert Half,"Playa Vista, CA, US"
375,Data Analyst,Staffigo,"Anaheim, CA, US"
376,Project Director,"University of California, Riverside","Riverside, CA, US"
377,Clinical Lab Scientist,Heatlh People Inc.,"Moreno Valley, CA, US"
378,SAS Data Analyst,Cenergy International Services,"Pomona, CA, US"
379,Data Scientist II,Amazon,"Culver City, CA, US"
380,Heightened Standards Data Analyst,City National Bank,"Beverly Hills, CA, US"
381,Staff Data Scientist,Harnham,Los Angeles Metropolitan Area
382,"Senior Data Scientist - SQL, Predictive Modeling, Data Analysis",CyberCoders,"Pasadena, CA, US"
383,Data Scientist -Orange County,Solugenix,"Orange, CA, US"
384,Data Analyst -Los Angeles,"iSpace, Inc.","Los Angeles, CA, US"
385,Data Analyst,The Job Network,"Los Angeles, CA, US"
386,QA Coordinator - Cellular Therapies,CHOC Children's,"Orange, CA, US"
387,Scientist II,Advanced Sterilization Products (ASP),"Irvine, CA, US"
388,Data Analyst/Programmer,The Judge Group,"Long Beach, CA, US"
389,Data Scientist Consultant - Burbank California,Capgemini,"Burbank, CA, US"
390,Senior Data Scientist,Amgen,"Thousand Oaks, CA, US"
391,Lead Datawarehouse Engineer,Chipotle Mexican Grill,"Newport Beach, CA, US"
392,Healthcare Data Analyst I,IEHP,"Rancho Cucamonga, CA, US"
393,Assoc Clinical Data Analyst,Ultimate Staffing,"Irvine, CA, US"
394,Senior Data Engineer,Collabera Inc.,"Santa Monica, CA, US"
395,Clinical Postdoctoral Scientist - Neurology - PI Dr. Tagliati,Cedars-Sinai,"Los Angeles, CA, US"
396,Specimen Processor - Nights (On Call / PRN) - Santa Fe Springs,Sonic Healthcare USA,"Santa Fe Springs, CA, US"
397,Solar System Scientist,Caltech,"Pasadena, CA, US"
398,Data Scientist- 27074 -Los Angeles County,UNICON International,"Los Angeles, CA, US"
399,Research Scientist/Senior Scientist,The Aerospace Corporation,"El Segundo, CA, US"
400,"Clinical Data Analyst - Epidemiology and Safety, Full Time, Days, 8 Hours",St. Joseph Health,"Orange, CA, US"
401,Software Developer - Real Time & Big Data,Esri,"Redlands, CA, US"
402,Data Analyst II - Real Estate Banking,City National Bank,"Los Angeles, CA, US"
403,"Senior Data Scientist, Marketing",Harnham,"Irvine, California, United States"
404,Site Reliability Engineer - Real-Time & Big Data,Esri,"Redlands, CA, US"
405,Sr. Big Data Architect,ATMECS Inc,"Santa Monica, CA, US"
406,AWS Big Data Engineer,Bitwise Inc,"Santa Monica, CA, US"
407,Senior Data Product Manager,VelvetJobs,"Costa Mesa, CA, US"
408,Scientist III,Thermo Fisher Scientific,"West Hills, CA, US"
409,"Senior Clinical Lab Scientist, Clinical Lab Svcs - FT/Nights (8hr)",MemorialCare,"Fountain Valley, CA, US"
410,Data Analyst Intern,Internet Brands,"Los Angeles, CA, US"
411,ETL / Big data ⿿ Production Support,Lorven Technologies Inc,"Los Angeles, CA, US"
412,Hi-Tech Industry –AI/Data Science/Deep Machine Learning Senior Manager,Deloitte,"Los Angeles, CA, US"
413,Tech Consulting Senior Manager - Big Data Architecture,EY,"Los Angeles, CA, US"
414,Computer Scientist,Department Of Navy,"Barstow, CA, US"
415,Sr. Data Scientist Lead - Python / Tensorflow / Image Processing/ Keras SQL SVR,Jobspring Partners,"Irvine, CA, US"
416,Senior Software Developer - Big Data,Hulu,"Santa Monica, CA, US"
417,EDM Big Data Administrator,City National Bank,"Los Angeles, CA, US"
418,Software Development Engineer - ML / Big Data / Prime,Amazon,"Santa Monica, CA, US"
419,Business Intelligence Engineer,Amazon,"Santa Monica, CA, US"
420,Safety Data Analyst (SDA) Sr. Associate,Amgen,"Thousand Oaks, CA, US"
421,Healthcare Data Analyst I,IEHP,"Rancho Cucamonga, CA, US"
422,Project Director -Riverside County,"University of California, Riverside","Riverside County, CA, US"
423,Technical- Data Analyst/Programmer I,The Judge Group,"Long Beach, CA, US"
424,"Senior Manager, Statistical Programming",Kite Pharma,"Santa Monica, CA, US"
425,Data Science Senior Manager - Burbank,Capgemini,"Burbank, CA, US"
426,"Senior Manager, Marketing Analytics (Bangkok Based)",Agoda,"Los Angeles, CA, US"
427,Clinical Data Analyst - Kidney Transplant Center,St. Joseph Health,"Orange, CA, US"
428,"Scientist I, Manufacturing Sciences - West Hill, CA",Thermo Fisher Scientific,"West Hills, CA, US"
429,Software Development Engineer - ML / Big Data / Prime,Amazon,"Santa Monica, CA, US"
430,Data Analyst -Los Angeles,"iSpace, Inc.","Los Angeles, CA, US"
431,Senior Associate Data Scientist - Data Science and Engineering Team,Amgen,"Thousand Oaks, CA, US"
432,Healthcare Data Analyst I,IEHP,"Rancho Cucamonga, CA, US"
433,Sr. Data Analyst - Audit,City National Bank,"Los Angeles, CA, US"
434,Senior Data Analyst (Urgent) $50 to $60/hour,Harnham,"Los Angeles, CA, US"
435,Research Scientist III,Amazon,"Manhattan Beach, CA, US"
436,Healthcare Data Analyst I - Finance Analytics,IEHP,"Rancho Cucamonga, CA, US"
437,Lead Big Data Engineer / Scala / Java / Spark / Hadoop,Jobspring Partners,"Santa Monica, CA, US"
438,BI Data Analyst (Contract) Media Company,Harnham,"Los Angeles, CA, US"
439,Project Director,VelvetJobs,"Riverside, CA, US"
440,Senior Data Engineer Direct Fulfillment,Amazon,"Santa Monica, CA, US"
441,Clinical Lab Scientist,St. Joseph Health,"Fullerton, CA, US"
442,Computer Scientist,Department Of Navy,"Point Mugu, CA, US"
443,Data Analyst,Cenergy,"Irwindale, CA, US"
444,Junior Data Analyst -Santa Monica,Staffigo,"Santa Monica, CA, US"
445,Principal Scientist - Assay Development,Amgen,"Thousand Oaks, CA, US"
446,Clinical Laboratory Scientist,CyberCoders,"Irvine, CA, US"
447,Jr. Data Analyst -Los Angeles County,Cenergy International Services,"Los Angeles, CA, US"
448,Software Development Engineer in Test (SDET) - Graph Database Engineer and Network Analysis,Esri,"Redlands, CA, US"
449,Business Intelligence Data Analyst,The Job Network,"Malibu, CA, US"
450,Lead Data Scientist,Robert Half,"Mar Vista, CA, US"
451,Healthcare Data Analyst II,IEHP,"Rancho Cucamonga, CA, US"
452,Lead Data Analyst,Harnham,"Irvine, CA, US"
453,"Software Engineer / React and Redux / Big Data / $130,000",Jobspring Partners,"Los Angeles, CA, US"
454,Data Analyst,Cenergy,"Irwindale, CA, US"
455,Data Analyst,Staffigo,"Irvine, CA, US"
456,Computer Scientist,Department Of Navy,"Hawthorne, CA, US"
457,Process Development Senior Associate - Pivotal Drug Substance Technologies (DST),Amgen,"Thousand Oaks, CA, US"
458,Associate Scientist – Process Development (PD) Pre-Pivotal Attribute Sciences,Amgen,"Thousand Oaks, CA, US"
459,Healthcare Data Analyst II,IEHP,"Rancho Cucamonga, CA, US"
460,"Associate Director, Media Analytics",Harnham,"Los Angeles, California, United States"
461,Lead Data Scientist *Direct Hire Only*,Robert Half,"Playa Vista, CA, US"
462,Applied Scientist II - AMZ3410,Amazon,"Glendale, CA, US"
463,Data Analyst,Cenergy,"Irwindale, CA, US"
464,Junior Data Analyst,Staffigo,"Pasadena, CA, US"
465,Operations Research,Department Of Navy,"Los Angeles, CA, US"
466,Data Analyst(LIBOR),The Job Network,"Santa Monica, CA, US"
467,Scientist - Induced Proximity Platform,Amgen,"Thousand Oaks, CA, US"
468,"Senior Data Scientist, Marketing",Harnham,"Irvine, CA, US"
469,Data Analyst,Cenergy,"Irwindale, CA, US"
470,Junior Data Analyst,Staffigo,"Pasadena, CA, US"
471,Operations Research,Department Of Navy,"Seal Beach, CA, US"
472,Data Analyst,The Job Network,"Irvine, CA, US"
473,Data Analyst  -  Investment Firm,The Job Network,"Los Angeles, CA, US"
474,Operations Research,Department Of Navy,"Twentynine Palms, CA, US"
475,SENIOR MACHINE LEARNING ENGINEER,Harnham,"Los Angeles, CA, US"
476,Data Analyst,Cenergy,"Irwindale, CA, US"
477,Junior Data Analyst,Staffigo,"Irvine, CA, US"
478,Data Analyst  -  Investment Firm,The Job Network,"Los Angeles, CA, US"
479,Operations Research,Department Of Navy,"Point Mugu, CA, US"
480,Director of Machine Learning & Computer Vision,Harnham,"Los Angeles, CA, US"
481,Data Analyst,Cenergy,"Irwindale, CA, US"
482,Junior Data Analyst,Staffigo,"Los Angeles, CA, US"
483,Data Scientist,The Job Network,"Santa Clarita, CA, US"
484,Operations Research,Department Of Navy,"Corona, CA, US"
485,Data Analyst,Cenergy,"Irwindale, CA, US"
486,Junior Data Analyst,Staffigo,"Los Angeles, CA, US"
487,Data Analyst Level II,The Job Network,"Torrance, CA, US"
488,Operations Research,Department Of Navy,"Port Hueneme, CA, US"
489,"Data Analyst, Technology IV",The Job Network,"Los Angeles, CA, US"
490,Data Analyst,Cenergy,"Rosemead, CA, US"
491,Data Analyst,Staffigo,"Santa Ana, CA, US"
492,Data Scientist,The Job Network,"Irvine, CA, US"
493,Data Analyst,Cenergy,"Rosemead, CA, US"
494,Data Analyst,Staffigo,"Irvine, CA, US"
495,Data Scientist,The Job Network,"Irvine, CA, US"
496,Data Analyst,Cenergy,"Irwindale, CA, US"
497,Junior Data Analyst,Staffigo,"Anaheim, CA, US"
498,Data Scientist,The Job Network,"Irvine, CA, US"
499,Data Analyst,Cenergy,"Irwindale, CA, US"
500,Data Analyst,Cenergy,"Irwindale, CA, US"
501,Data Analyst - Junior,Staffigo,"Santa Monica, CA, US"
502,Enterprise Data Analyst,The Job Network,"Los Angeles, CA, US"
503,Data Analyst,Cenergy,"Irwindale, CA, US"
504,Data Analyst – Junior,Staffigo,"Santa Ana, CA, US"
505,Enterprise Data Analyst,The Job Network,"Los Angeles, CA, US"
506,Data Analyst,Cenergy,"Irwindale, CA, US"
507,Data Analyst – Junior,Staffigo,"Anaheim, CA, US"
508,Data Scientist,The Job Network,"Santa Clarita, CA, US"
509,Data Analyst,Cenergy,"Irwindale, CA, US"
510,Data Analyst – Junior,Staffigo,"Irvine, CA, US"
511,Data Scientist,The Job Network,"Torrance, CA, US"
512,SAS Data Analyst,Cenergy,"Pomona, CA, US"
513,Data Analyst – Junior,Staffigo,"Pasadena, CA, US"
514,Data Scientist,The Job Network,"Irvine, CA, US"
515,SAS Data Analyst,Cenergy,"Pomona, CA, US"
516,Data Scientist,The Job Network,"Irvine, CA, US"
517,SAS Data Analyst,Cenergy,"Pomona, CA, US"
518,Senior Data Analyst,The Job Network,"Burbank, CA, US"
519,Data Analyst,Cenergy,"Rialto, CA, US"
520,Data Scientist,The Job Network,"Torrance, CA, US"
521,Data Analyst,Cenergy,"Rialto, CA, US"
522,Sr Data Analyst,The Job Network,"Los Angeles, CA, US"
523,Sr Data Analyst,The Job Network,"Los Angeles, CA, US"
524,Data Science and Analytics Manager,The Job Network,"Los Angeles, CA, US"
525,Senior Data Analyst,The Job Network,"Los Angeles, CA, US"
526,BI/Data Analyst (Alteryx/Tableau)  - Spanish Speaker needed,The Job Network,"West Hollywood, CA, US"
527,Big Data Architect,The Job Network,"Los Angeles, CA, US"
528,Big Data Architect,The Job Network,"Los Angeles, CA, US"
529,Big Data Architect,The Job Network,"Los Angeles, CA, US"
530,big data architect,The Job Network,"Torrance, CA, US"
531,big data architect,The Job Network,"Torrance, CA, US"
532,Data Science Platform Engineer,The Job Network,"Torrance, CA, US"
533,Big Data Architect,The Job Network,"Los Angeles, CA, US"
534,Data Science Platform Engineer,The Job Network,"Torrance, CA, US"
535,Data Science Platform Engineer,The Job Network,"Torrance, CA, US"
536,Big Data Engineer,The Job Network,"Costa Mesa, CA, US"
537,Big Data Engineer,The Job Network,"Costa Mesa, CA, US"
538,"Manager, Data Science  -  Santa Ana, CA or Eden Prairie, MN",The Job Network,"Santa Ana, CA, US"
539,"Data Scientist  - Long - Term Contract; Torrance, CA",The Job Network,"Torrance, CA, US"
540,AWS Big Data Engineer,The Job Network,"Santa Monica, CA, US"
541,Data Science Intern,The Job Network,"Newport Beach, CA, US"
542,Remote Big Data/Security Engineer,The Job Network,Remote
543,"Data Scientist  - Long - Term Contract; Torrance, CA",The Job Network,"Torrance, CA, US"
544,AWS Big Data Engineer,The Job Network,"Santa Monica, CA, US"
545,"Sr Manager Data Science  -  Santa Ana, CA or Eden Prairie, MN",The Job Network,"Santa Ana, CA, US"
546,Spark Developer (Big Data Engineer),The Job Network,"Irvine, CA, US"
547,Sr. Big Data Developer No C2C,The Job Network,"Fountain Valley, CA, US"
548,Sr. Big Data Developer No C2C,The Job Network,"Fountain Valley, CA, US"
549,Sr. Big Data Developer No C2C,The Job Network,"Fountain Valley, CA, US"
